<?xml version="1.0" encoding="UTF-8"?>
<point_cloud version="1.2.0">
  <tracks path="tracks.ply" count="68166"/>
  <points path="points.ply" count="54673"/>
  <projections camera_id="0" path="p0.ply" count="3035"/>
  <projections camera_id="1" path="p1.ply" count="3326"/>
  <projections camera_id="2" path="p2.ply" count="2663"/>
  <projections camera_id="3" path="p3.ply" count="3276"/>
  <projections camera_id="4" path="p4.ply" count="3205"/>
  <projections camera_id="5" path="p5.ply" count="3052"/>
  <projections camera_id="6" path="p6.ply" count="2693"/>
  <projections camera_id="7" path="p7.ply" count="2793"/>
  <projections camera_id="8" path="p8.ply" count="2869"/>
  <projections camera_id="9" path="p9.ply" count="2626"/>
  <projections camera_id="10" path="p10.ply" count="1711"/>
  <projections camera_id="11" path="p11.ply" count="1991"/>
  <projections camera_id="12" path="p12.ply" count="2113"/>
  <projections camera_id="13" path="p13.ply" count="1569"/>
  <projections camera_id="14" path="p14.ply" count="1846"/>
  <projections camera_id="15" path="p15.ply" count="2252"/>
  <projections camera_id="16" path="p16.ply" count="1548"/>
  <projections camera_id="17" path="p17.ply" count="1910"/>
  <projections camera_id="18" path="p18.ply" count="1631"/>
  <projections camera_id="19" path="p19.ply" count="1755"/>
  <projections camera_id="20" path="p20.ply" count="1831"/>
  <projections camera_id="21" path="p21.ply" count="1790"/>
  <projections camera_id="22" path="p22.ply" count="2044"/>
  <projections camera_id="23" path="p23.ply" count="2349"/>
  <projections camera_id="24" path="p24.ply" count="2587"/>
  <projections camera_id="25" path="p25.ply" count="2660"/>
  <projections camera_id="26" path="p26.ply" count="3583"/>
  <projections camera_id="27" path="p27.ply" count="3327"/>
  <projections camera_id="28" path="p28.ply" count="2213"/>
  <projections camera_id="29" path="p29.ply" count="2227"/>
  <projections camera_id="30" path="p30.ply" count="1603"/>
  <projections camera_id="31" path="p31.ply" count="3075"/>
  <projections camera_id="32" path="p32.ply" count="4095"/>
  <projections camera_id="33" path="p33.ply" count="4383"/>
  <projections camera_id="34" path="p34.ply" count="4032"/>
  <projections camera_id="35" path="p35.ply" count="4019"/>
  <projections camera_id="36" path="p36.ply" count="3993"/>
  <projections camera_id="37" path="p37.ply" count="4055"/>
  <projections camera_id="38" path="p38.ply" count="3998"/>
  <projections camera_id="39" path="p39.ply" count="3247"/>
  <projections camera_id="40" path="p40.ply" count="2920"/>
  <projections camera_id="41" path="p41.ply" count="2568"/>
  <projections camera_id="42" path="p42.ply" count="2734"/>
  <projections camera_id="43" path="p43.ply" count="3439"/>
  <projections camera_id="44" path="p44.ply" count="3577"/>
  <projections camera_id="45" path="p45.ply" count="3745"/>
  <projections camera_id="46" path="p46.ply" count="3777"/>
  <projections camera_id="47" path="p47.ply" count="3824"/>
  <projections camera_id="48" path="p48.ply" count="3172"/>
  <projections camera_id="49" path="p49.ply" count="2193"/>
  <projections camera_id="50" path="p50.ply" count="1920"/>
  <projections camera_id="51" path="p51.ply" count="1484"/>
  <projections camera_id="52" path="p52.ply" count="1251"/>
  <projections camera_id="53" path="p53.ply" count="464"/>
  <projections camera_id="54" path="p54.ply" count="1325"/>
  <projections camera_id="55" path="p55.ply" count="1210"/>
  <projections camera_id="56" path="p56.ply" count="1367"/>
  <projections camera_id="57" path="p57.ply" count="1852"/>
  <projections camera_id="58" path="p58.ply" count="2364"/>
  <projections camera_id="59" path="p59.ply" count="2290"/>
  <projections camera_id="60" path="p60.ply" count="1562"/>
  <projections camera_id="61" path="p61.ply" count="2105"/>
  <projections camera_id="62" path="p62.ply" count="3537"/>
  <projections camera_id="63" path="p63.ply" count="1824"/>
  <projections camera_id="64" path="p64.ply" count="3224"/>
  <projections camera_id="65" path="p65.ply" count="1244"/>
  <projections camera_id="66" path="p66.ply" count="2054"/>
  <projections camera_id="67" path="p67.ply" count="1118"/>
  <projections camera_id="68" path="p68.ply" count="2867"/>
  <projections camera_id="69" path="p69.ply" count="1306"/>
  <projections camera_id="70" path="p70.ply" count="896"/>
  <projections camera_id="71" path="p71.ply" count="3373"/>
  <projections camera_id="72" path="p72.ply" count="3619"/>
  <projections camera_id="73" path="p73.ply" count="990"/>
  <projections camera_id="74" path="p74.ply" count="2442"/>
  <projections camera_id="75" path="p75.ply" count="4476"/>
  <projections camera_id="76" path="p76.ply" count="3978"/>
  <projections camera_id="77" path="p77.ply" count="3982"/>
  <projections camera_id="78" path="p78.ply" count="1565"/>
  <projections camera_id="79" path="p79.ply" count="214"/>
  <projections camera_id="80" path="p80.ply" count="2971"/>
  <projections camera_id="81" path="p81.ply" count="1446"/>
  <meta>
    <property name="match/duration" value="570.215"/>
    <property name="match/match_downscale" value="0"/>
    <property name="match/match_filter_mask" value="false"/>
    <property name="match/match_point_limit" value="40000"/>
    <property name="match/match_select_pairs" value="1"/>
    <property name="match/match_tiepoint_limit" value="4000"/>
  </meta>
</point_cloud>
