<?xml version="1.0" encoding="UTF-8"?>
<model version="1.2.0">
  <mesh path="mesh.ply">
    <faceCount>505195</faceCount>
    <vertexCount>254122</vertexCount>
    <hasVertexColors>true</hasVertexColors>
    <hasUV>true</hasUV>
  </mesh>
  <texture path="texture.png"/>
  <meta>
    <property name="atlas/atlas_blend_mode" value="3"/>
    <property name="atlas/atlas_count" value="1"/>
    <property name="atlas/atlas_height" value="8192"/>
    <property name="atlas/atlas_mapping_mode" value="1"/>
    <property name="atlas/atlas_width" value="8192"/>
    <property name="atlas/duration_blend" value="532.442"/>
    <property name="atlas/duration_uv" value="66.091"/>
    <property name="model/depth_downscale" value="4"/>
    <property name="model/depth_filter_mode" value="2"/>
    <property name="model/duration" value="130.598"/>
    <property name="model/mesh_face_count" value="505195"/>
    <property name="model/mesh_interpolation" value="1"/>
    <property name="model/mesh_object_type" value="0"/>
    <property name="model/mesh_source_data" value="1"/>
    <property name="model/resolution" value="0.00366592760825577"/>
  </meta>
</model>
