<?xml version="1.0" encoding="UTF-8"?>
<frame>
  <cameras>
    <camera camera_id="0">
      <photo path="../../../../Agisoft opdracht 26-1-2018 sebas/_MG_8049.JPG">
        <meta>
          <property name="Exif/ApertureValue" value="5"/>
          <property name="Exif/DateTime" value="2015:11:13 21:15:07"/>
          <property name="Exif/DateTimeOriginal" value="2015:11:13 21:15:07"/>
          <property name="Exif/ExposureTime" value="0.01"/>
          <property name="Exif/FNumber" value="5.6"/>
          <property name="Exif/FocalLength" value="85"/>
          <property name="Exif/FocalPlaneXResolution" value="264.524605197027"/>
          <property name="Exif/FocalPlaneYResolution" value="265.118375354596"/>
          <property name="Exif/ISOSpeedRatings" value="400"/>
          <property name="Exif/Make" value="Canon"/>
          <property name="Exif/Model" value="Canon EOS 760D"/>
          <property name="Exif/Orientation" value="1"/>
          <property name="Exif/ShutterSpeedValue" value="6.625"/>
          <property name="File/ImageHeight" value="4000"/>
          <property name="File/ImageWidth" value="6000"/>
          <property name="System/FileModifyDate" value="2015:11:13 21:15:08"/>
          <property name="System/FileSize" value="7320874"/>
        </meta>
      </photo>
    </camera>
    <camera camera_id="1">
      <photo path="../../../../Agisoft opdracht 26-1-2018 sebas/_MG_8050.JPG">
        <meta>
          <property name="Exif/ApertureValue" value="5"/>
          <property name="Exif/DateTime" value="2015:11:13 21:15:10"/>
          <property name="Exif/DateTimeOriginal" value="2015:11:13 21:15:10"/>
          <property name="Exif/ExposureTime" value="0.01"/>
          <property name="Exif/FNumber" value="5.6"/>
          <property name="Exif/FocalLength" value="85"/>
          <property name="Exif/FocalPlaneXResolution" value="264.524605197027"/>
          <property name="Exif/FocalPlaneYResolution" value="265.118375354596"/>
          <property name="Exif/ISOSpeedRatings" value="400"/>
          <property name="Exif/Make" value="Canon"/>
          <property name="Exif/Model" value="Canon EOS 760D"/>
          <property name="Exif/Orientation" value="1"/>
          <property name="Exif/ShutterSpeedValue" value="6.625"/>
          <property name="File/ImageHeight" value="4000"/>
          <property name="File/ImageWidth" value="6000"/>
          <property name="System/FileModifyDate" value="2015:11:13 21:15:10"/>
          <property name="System/FileSize" value="7735602"/>
        </meta>
      </photo>
    </camera>
    <camera camera_id="2">
      <photo path="../../../../Agisoft opdracht 26-1-2018 sebas/_MG_8051.JPG">
        <meta>
          <property name="Exif/ApertureValue" value="5"/>
          <property name="Exif/DateTime" value="2015:11:13 21:15:14"/>
          <property name="Exif/DateTimeOriginal" value="2015:11:13 21:15:14"/>
          <property name="Exif/ExposureTime" value="0.01"/>
          <property name="Exif/FNumber" value="5.6"/>
          <property name="Exif/FocalLength" value="85"/>
          <property name="Exif/FocalPlaneXResolution" value="264.524605197027"/>
          <property name="Exif/FocalPlaneYResolution" value="265.118375354596"/>
          <property name="Exif/ISOSpeedRatings" value="400"/>
          <property name="Exif/Make" value="Canon"/>
          <property name="Exif/Model" value="Canon EOS 760D"/>
          <property name="Exif/Orientation" value="1"/>
          <property name="Exif/ShutterSpeedValue" value="6.625"/>
          <property name="File/ImageHeight" value="4000"/>
          <property name="File/ImageWidth" value="6000"/>
          <property name="System/FileModifyDate" value="2015:11:13 21:15:14"/>
          <property name="System/FileSize" value="7121517"/>
        </meta>
      </photo>
    </camera>
    <camera camera_id="3">
      <photo path="../../../../Agisoft opdracht 26-1-2018 sebas/_MG_8052.JPG">
        <meta>
          <property name="Exif/ApertureValue" value="5"/>
          <property name="Exif/DateTime" value="2015:11:13 21:15:22"/>
          <property name="Exif/DateTimeOriginal" value="2015:11:13 21:15:22"/>
          <property name="Exif/ExposureTime" value="0.01"/>
          <property name="Exif/FNumber" value="5.6"/>
          <property name="Exif/FocalLength" value="85"/>
          <property name="Exif/FocalPlaneXResolution" value="264.524605197027"/>
          <property name="Exif/FocalPlaneYResolution" value="265.118375354596"/>
          <property name="Exif/ISOSpeedRatings" value="400"/>
          <property name="Exif/Make" value="Canon"/>
          <property name="Exif/Model" value="Canon EOS 760D"/>
          <property name="Exif/Orientation" value="1"/>
          <property name="Exif/ShutterSpeedValue" value="6.625"/>
          <property name="File/ImageHeight" value="4000"/>
          <property name="File/ImageWidth" value="6000"/>
          <property name="System/FileModifyDate" value="2015:11:13 21:15:22"/>
          <property name="System/FileSize" value="8087818"/>
        </meta>
      </photo>
    </camera>
    <camera camera_id="4">
      <photo path="../../../../Agisoft opdracht 26-1-2018 sebas/_MG_8053.JPG">
        <meta>
          <property name="Exif/ApertureValue" value="5"/>
          <property name="Exif/DateTime" value="2015:11:13 21:15:26"/>
          <property name="Exif/DateTimeOriginal" value="2015:11:13 21:15:26"/>
          <property name="Exif/ExposureTime" value="0.01"/>
          <property name="Exif/FNumber" value="5.6"/>
          <property name="Exif/FocalLength" value="85"/>
          <property name="Exif/FocalPlaneXResolution" value="264.524605197027"/>
          <property name="Exif/FocalPlaneYResolution" value="265.118375354596"/>
          <property name="Exif/ISOSpeedRatings" value="400"/>
          <property name="Exif/Make" value="Canon"/>
          <property name="Exif/Model" value="Canon EOS 760D"/>
          <property name="Exif/Orientation" value="1"/>
          <property name="Exif/ShutterSpeedValue" value="6.625"/>
          <property name="File/ImageHeight" value="4000"/>
          <property name="File/ImageWidth" value="6000"/>
          <property name="System/FileModifyDate" value="2015:11:13 21:15:26"/>
          <property name="System/FileSize" value="7749026"/>
        </meta>
      </photo>
    </camera>
    <camera camera_id="5">
      <photo path="../../../../Agisoft opdracht 26-1-2018 sebas/_MG_8054.JPG">
        <meta>
          <property name="Exif/ApertureValue" value="5"/>
          <property name="Exif/DateTime" value="2015:11:13 21:15:31"/>
          <property name="Exif/DateTimeOriginal" value="2015:11:13 21:15:31"/>
          <property name="Exif/ExposureTime" value="0.008"/>
          <property name="Exif/FNumber" value="5.6"/>
          <property name="Exif/FocalLength" value="85"/>
          <property name="Exif/FocalPlaneXResolution" value="264.524605197027"/>
          <property name="Exif/FocalPlaneYResolution" value="265.118375354596"/>
          <property name="Exif/ISOSpeedRatings" value="400"/>
          <property name="Exif/Make" value="Canon"/>
          <property name="Exif/Model" value="Canon EOS 760D"/>
          <property name="Exif/Orientation" value="1"/>
          <property name="Exif/ShutterSpeedValue" value="7"/>
          <property name="File/ImageHeight" value="4000"/>
          <property name="File/ImageWidth" value="6000"/>
          <property name="System/FileModifyDate" value="2015:11:13 21:15:32"/>
          <property name="System/FileSize" value="7031383"/>
        </meta>
      </photo>
    </camera>
    <camera camera_id="6">
      <photo path="../../../../Agisoft opdracht 26-1-2018 sebas/_MG_8055.JPG">
        <meta>
          <property name="Exif/ApertureValue" value="5"/>
          <property name="Exif/DateTime" value="2015:11:13 21:15:34"/>
          <property name="Exif/DateTimeOriginal" value="2015:11:13 21:15:34"/>
          <property name="Exif/ExposureTime" value="0.01"/>
          <property name="Exif/FNumber" value="5.6"/>
          <property name="Exif/FocalLength" value="85"/>
          <property name="Exif/FocalPlaneXResolution" value="264.524605197027"/>
          <property name="Exif/FocalPlaneYResolution" value="265.118375354596"/>
          <property name="Exif/ISOSpeedRatings" value="400"/>
          <property name="Exif/Make" value="Canon"/>
          <property name="Exif/Model" value="Canon EOS 760D"/>
          <property name="Exif/Orientation" value="1"/>
          <property name="Exif/ShutterSpeedValue" value="6.625"/>
          <property name="File/ImageHeight" value="4000"/>
          <property name="File/ImageWidth" value="6000"/>
          <property name="System/FileModifyDate" value="2015:11:13 21:15:34"/>
          <property name="System/FileSize" value="8096696"/>
        </meta>
      </photo>
    </camera>
    <camera camera_id="7">
      <photo path="../../../../Agisoft opdracht 26-1-2018 sebas/_MG_8056.JPG">
        <meta>
          <property name="Exif/ApertureValue" value="5"/>
          <property name="Exif/DateTime" value="2015:11:13 21:15:37"/>
          <property name="Exif/DateTimeOriginal" value="2015:11:13 21:15:37"/>
          <property name="Exif/ExposureTime" value="0.0125"/>
          <property name="Exif/FNumber" value="5.6"/>
          <property name="Exif/FocalLength" value="85"/>
          <property name="Exif/FocalPlaneXResolution" value="264.524605197027"/>
          <property name="Exif/FocalPlaneYResolution" value="265.118375354596"/>
          <property name="Exif/ISOSpeedRatings" value="400"/>
          <property name="Exif/Make" value="Canon"/>
          <property name="Exif/Model" value="Canon EOS 760D"/>
          <property name="Exif/Orientation" value="1"/>
          <property name="Exif/ShutterSpeedValue" value="6.375"/>
          <property name="File/ImageHeight" value="4000"/>
          <property name="File/ImageWidth" value="6000"/>
          <property name="System/FileModifyDate" value="2015:11:13 21:15:38"/>
          <property name="System/FileSize" value="7415974"/>
        </meta>
      </photo>
    </camera>
    <camera camera_id="8">
      <photo path="../../../../Agisoft opdracht 26-1-2018 sebas/_MG_8057.JPG">
        <meta>
          <property name="Exif/ApertureValue" value="5"/>
          <property name="Exif/DateTime" value="2015:11:13 21:15:40"/>
          <property name="Exif/DateTimeOriginal" value="2015:11:13 21:15:40"/>
          <property name="Exif/ExposureTime" value="0.01"/>
          <property name="Exif/FNumber" value="5.6"/>
          <property name="Exif/FocalLength" value="85"/>
          <property name="Exif/FocalPlaneXResolution" value="264.524605197027"/>
          <property name="Exif/FocalPlaneYResolution" value="265.118375354596"/>
          <property name="Exif/ISOSpeedRatings" value="400"/>
          <property name="Exif/Make" value="Canon"/>
          <property name="Exif/Model" value="Canon EOS 760D"/>
          <property name="Exif/Orientation" value="1"/>
          <property name="Exif/ShutterSpeedValue" value="6.625"/>
          <property name="File/ImageHeight" value="4000"/>
          <property name="File/ImageWidth" value="6000"/>
          <property name="System/FileModifyDate" value="2015:11:13 21:15:40"/>
          <property name="System/FileSize" value="7814930"/>
        </meta>
      </photo>
    </camera>
    <camera camera_id="9">
      <photo path="../../../../Agisoft opdracht 26-1-2018 sebas/_MG_8058.JPG">
        <meta>
          <property name="Exif/ApertureValue" value="5"/>
          <property name="Exif/DateTime" value="2015:11:13 21:15:44"/>
          <property name="Exif/DateTimeOriginal" value="2015:11:13 21:15:44"/>
          <property name="Exif/ExposureTime" value="0.008"/>
          <property name="Exif/FNumber" value="5.6"/>
          <property name="Exif/FocalLength" value="85"/>
          <property name="Exif/FocalPlaneXResolution" value="264.524605197027"/>
          <property name="Exif/FocalPlaneYResolution" value="265.118375354596"/>
          <property name="Exif/ISOSpeedRatings" value="400"/>
          <property name="Exif/Make" value="Canon"/>
          <property name="Exif/Model" value="Canon EOS 760D"/>
          <property name="Exif/Orientation" value="1"/>
          <property name="Exif/ShutterSpeedValue" value="7"/>
          <property name="File/ImageHeight" value="4000"/>
          <property name="File/ImageWidth" value="6000"/>
          <property name="System/FileModifyDate" value="2015:11:13 21:15:44"/>
          <property name="System/FileSize" value="8013355"/>
        </meta>
      </photo>
    </camera>
    <camera camera_id="10">
      <photo path="../../../../Agisoft opdracht 26-1-2018 sebas/_MG_8059.JPG">
        <meta>
          <property name="Exif/ApertureValue" value="5"/>
          <property name="Exif/DateTime" value="2015:11:13 21:15:47"/>
          <property name="Exif/DateTimeOriginal" value="2015:11:13 21:15:47"/>
          <property name="Exif/ExposureTime" value="0.01"/>
          <property name="Exif/FNumber" value="5.6"/>
          <property name="Exif/FocalLength" value="85"/>
          <property name="Exif/FocalPlaneXResolution" value="264.524605197027"/>
          <property name="Exif/FocalPlaneYResolution" value="265.118375354596"/>
          <property name="Exif/ISOSpeedRatings" value="400"/>
          <property name="Exif/Make" value="Canon"/>
          <property name="Exif/Model" value="Canon EOS 760D"/>
          <property name="Exif/Orientation" value="1"/>
          <property name="Exif/ShutterSpeedValue" value="6.625"/>
          <property name="File/ImageHeight" value="4000"/>
          <property name="File/ImageWidth" value="6000"/>
          <property name="System/FileModifyDate" value="2015:11:13 21:15:48"/>
          <property name="System/FileSize" value="8532367"/>
        </meta>
      </photo>
    </camera>
    <camera camera_id="11">
      <photo path="../../../../Agisoft opdracht 26-1-2018 sebas/_MG_8060.JPG">
        <meta>
          <property name="Exif/ApertureValue" value="5"/>
          <property name="Exif/DateTime" value="2015:11:13 21:15:51"/>
          <property name="Exif/DateTimeOriginal" value="2015:11:13 21:15:51"/>
          <property name="Exif/ExposureTime" value="0.01"/>
          <property name="Exif/FNumber" value="5.6"/>
          <property name="Exif/FocalLength" value="85"/>
          <property name="Exif/FocalPlaneXResolution" value="264.524605197027"/>
          <property name="Exif/FocalPlaneYResolution" value="265.118375354596"/>
          <property name="Exif/ISOSpeedRatings" value="400"/>
          <property name="Exif/Make" value="Canon"/>
          <property name="Exif/Model" value="Canon EOS 760D"/>
          <property name="Exif/Orientation" value="1"/>
          <property name="Exif/ShutterSpeedValue" value="6.625"/>
          <property name="File/ImageHeight" value="4000"/>
          <property name="File/ImageWidth" value="6000"/>
          <property name="System/FileModifyDate" value="2015:11:13 21:15:52"/>
          <property name="System/FileSize" value="7857455"/>
        </meta>
      </photo>
    </camera>
    <camera camera_id="12">
      <photo path="../../../../Agisoft opdracht 26-1-2018 sebas/_MG_8061.JPG">
        <meta>
          <property name="Exif/ApertureValue" value="5"/>
          <property name="Exif/DateTime" value="2015:11:13 21:15:56"/>
          <property name="Exif/DateTimeOriginal" value="2015:11:13 21:15:56"/>
          <property name="Exif/ExposureTime" value="0.0125"/>
          <property name="Exif/FNumber" value="5.6"/>
          <property name="Exif/FocalLength" value="85"/>
          <property name="Exif/FocalPlaneXResolution" value="264.524605197027"/>
          <property name="Exif/FocalPlaneYResolution" value="265.118375354596"/>
          <property name="Exif/ISOSpeedRatings" value="400"/>
          <property name="Exif/Make" value="Canon"/>
          <property name="Exif/Model" value="Canon EOS 760D"/>
          <property name="Exif/Orientation" value="1"/>
          <property name="Exif/ShutterSpeedValue" value="6.375"/>
          <property name="File/ImageHeight" value="4000"/>
          <property name="File/ImageWidth" value="6000"/>
          <property name="System/FileModifyDate" value="2015:11:13 21:15:56"/>
          <property name="System/FileSize" value="8184533"/>
        </meta>
      </photo>
    </camera>
    <camera camera_id="13">
      <photo path="../../../../Agisoft opdracht 26-1-2018 sebas/_MG_8062.JPG">
        <meta>
          <property name="Exif/ApertureValue" value="5"/>
          <property name="Exif/DateTime" value="2015:11:13 21:15:59"/>
          <property name="Exif/DateTimeOriginal" value="2015:11:13 21:15:59"/>
          <property name="Exif/ExposureTime" value="0.0166666666666667"/>
          <property name="Exif/FNumber" value="5.6"/>
          <property name="Exif/FocalLength" value="85"/>
          <property name="Exif/FocalPlaneXResolution" value="264.524605197027"/>
          <property name="Exif/FocalPlaneYResolution" value="265.118375354596"/>
          <property name="Exif/ISOSpeedRatings" value="400"/>
          <property name="Exif/Make" value="Canon"/>
          <property name="Exif/Model" value="Canon EOS 760D"/>
          <property name="Exif/Orientation" value="1"/>
          <property name="Exif/ShutterSpeedValue" value="6"/>
          <property name="File/ImageHeight" value="4000"/>
          <property name="File/ImageWidth" value="6000"/>
          <property name="System/FileModifyDate" value="2015:11:13 21:16:00"/>
          <property name="System/FileSize" value="8309393"/>
        </meta>
      </photo>
    </camera>
    <camera camera_id="14">
      <photo path="../../../../Agisoft opdracht 26-1-2018 sebas/_MG_8063.JPG">
        <meta>
          <property name="Exif/ApertureValue" value="5"/>
          <property name="Exif/DateTime" value="2015:11:13 21:16:05"/>
          <property name="Exif/DateTimeOriginal" value="2015:11:13 21:16:05"/>
          <property name="Exif/ExposureTime" value="0.01"/>
          <property name="Exif/FNumber" value="5.6"/>
          <property name="Exif/FocalLength" value="85"/>
          <property name="Exif/FocalPlaneXResolution" value="264.524605197027"/>
          <property name="Exif/FocalPlaneYResolution" value="265.118375354596"/>
          <property name="Exif/ISOSpeedRatings" value="400"/>
          <property name="Exif/Make" value="Canon"/>
          <property name="Exif/Model" value="Canon EOS 760D"/>
          <property name="Exif/Orientation" value="1"/>
          <property name="Exif/ShutterSpeedValue" value="6.625"/>
          <property name="File/ImageHeight" value="4000"/>
          <property name="File/ImageWidth" value="6000"/>
          <property name="System/FileModifyDate" value="2015:11:13 21:16:06"/>
          <property name="System/FileSize" value="7783535"/>
        </meta>
      </photo>
    </camera>
    <camera camera_id="15">
      <photo path="../../../../Agisoft opdracht 26-1-2018 sebas/_MG_8064.JPG">
        <meta>
          <property name="Exif/ApertureValue" value="5"/>
          <property name="Exif/DateTime" value="2015:11:13 21:16:07"/>
          <property name="Exif/DateTimeOriginal" value="2015:11:13 21:16:07"/>
          <property name="Exif/ExposureTime" value="0.008"/>
          <property name="Exif/FNumber" value="5.6"/>
          <property name="Exif/FocalLength" value="85"/>
          <property name="Exif/FocalPlaneXResolution" value="264.524605197027"/>
          <property name="Exif/FocalPlaneYResolution" value="265.118375354596"/>
          <property name="Exif/ISOSpeedRatings" value="400"/>
          <property name="Exif/Make" value="Canon"/>
          <property name="Exif/Model" value="Canon EOS 760D"/>
          <property name="Exif/Orientation" value="1"/>
          <property name="Exif/ShutterSpeedValue" value="7"/>
          <property name="File/ImageHeight" value="4000"/>
          <property name="File/ImageWidth" value="6000"/>
          <property name="System/FileModifyDate" value="2015:11:13 21:16:08"/>
          <property name="System/FileSize" value="7518973"/>
        </meta>
      </photo>
    </camera>
    <camera camera_id="16">
      <photo path="../../../../Agisoft opdracht 26-1-2018 sebas/_MG_8065.JPG">
        <meta>
          <property name="Exif/ApertureValue" value="5"/>
          <property name="Exif/DateTime" value="2015:11:13 21:16:14"/>
          <property name="Exif/DateTimeOriginal" value="2015:11:13 21:16:14"/>
          <property name="Exif/ExposureTime" value="0.0125"/>
          <property name="Exif/FNumber" value="5.6"/>
          <property name="Exif/FocalLength" value="85"/>
          <property name="Exif/FocalPlaneXResolution" value="264.524605197027"/>
          <property name="Exif/FocalPlaneYResolution" value="265.118375354596"/>
          <property name="Exif/ISOSpeedRatings" value="400"/>
          <property name="Exif/Make" value="Canon"/>
          <property name="Exif/Model" value="Canon EOS 760D"/>
          <property name="Exif/Orientation" value="1"/>
          <property name="Exif/ShutterSpeedValue" value="6.375"/>
          <property name="File/ImageHeight" value="4000"/>
          <property name="File/ImageWidth" value="6000"/>
          <property name="System/FileModifyDate" value="2015:11:13 21:16:14"/>
          <property name="System/FileSize" value="7014405"/>
        </meta>
      </photo>
    </camera>
    <camera camera_id="17">
      <photo path="../../../../Agisoft opdracht 26-1-2018 sebas/_MG_8066.JPG">
        <meta>
          <property name="Exif/ApertureValue" value="5"/>
          <property name="Exif/DateTime" value="2015:11:13 21:16:17"/>
          <property name="Exif/DateTimeOriginal" value="2015:11:13 21:16:17"/>
          <property name="Exif/ExposureTime" value="0.0125"/>
          <property name="Exif/FNumber" value="5.6"/>
          <property name="Exif/FocalLength" value="85"/>
          <property name="Exif/FocalPlaneXResolution" value="264.524605197027"/>
          <property name="Exif/FocalPlaneYResolution" value="265.118375354596"/>
          <property name="Exif/ISOSpeedRatings" value="400"/>
          <property name="Exif/Make" value="Canon"/>
          <property name="Exif/Model" value="Canon EOS 760D"/>
          <property name="Exif/Orientation" value="1"/>
          <property name="Exif/ShutterSpeedValue" value="6.375"/>
          <property name="File/ImageHeight" value="4000"/>
          <property name="File/ImageWidth" value="6000"/>
          <property name="System/FileModifyDate" value="2015:11:13 21:16:18"/>
          <property name="System/FileSize" value="7355771"/>
        </meta>
      </photo>
    </camera>
    <camera camera_id="18">
      <photo path="../../../../Agisoft opdracht 26-1-2018 sebas/_MG_8067.JPG">
        <meta>
          <property name="Exif/ApertureValue" value="5"/>
          <property name="Exif/DateTime" value="2015:11:13 21:16:21"/>
          <property name="Exif/DateTimeOriginal" value="2015:11:13 21:16:21"/>
          <property name="Exif/ExposureTime" value="0.0125"/>
          <property name="Exif/FNumber" value="5.6"/>
          <property name="Exif/FocalLength" value="85"/>
          <property name="Exif/FocalPlaneXResolution" value="264.524605197027"/>
          <property name="Exif/FocalPlaneYResolution" value="265.118375354596"/>
          <property name="Exif/ISOSpeedRatings" value="400"/>
          <property name="Exif/Make" value="Canon"/>
          <property name="Exif/Model" value="Canon EOS 760D"/>
          <property name="Exif/Orientation" value="1"/>
          <property name="Exif/ShutterSpeedValue" value="6.375"/>
          <property name="File/ImageHeight" value="4000"/>
          <property name="File/ImageWidth" value="6000"/>
          <property name="System/FileModifyDate" value="2015:11:13 21:16:22"/>
          <property name="System/FileSize" value="7481763"/>
        </meta>
      </photo>
    </camera>
    <camera camera_id="19">
      <photo path="../../../../Agisoft opdracht 26-1-2018 sebas/_MG_8068.JPG">
        <meta>
          <property name="Exif/ApertureValue" value="5"/>
          <property name="Exif/DateTime" value="2015:11:13 21:16:25"/>
          <property name="Exif/DateTimeOriginal" value="2015:11:13 21:16:25"/>
          <property name="Exif/ExposureTime" value="0.008"/>
          <property name="Exif/FNumber" value="5.6"/>
          <property name="Exif/FocalLength" value="85"/>
          <property name="Exif/FocalPlaneXResolution" value="264.524605197027"/>
          <property name="Exif/FocalPlaneYResolution" value="265.118375354596"/>
          <property name="Exif/ISOSpeedRatings" value="400"/>
          <property name="Exif/Make" value="Canon"/>
          <property name="Exif/Model" value="Canon EOS 760D"/>
          <property name="Exif/Orientation" value="1"/>
          <property name="Exif/ShutterSpeedValue" value="7"/>
          <property name="File/ImageHeight" value="4000"/>
          <property name="File/ImageWidth" value="6000"/>
          <property name="System/FileModifyDate" value="2015:11:13 21:16:26"/>
          <property name="System/FileSize" value="7560264"/>
        </meta>
      </photo>
    </camera>
    <camera camera_id="20">
      <photo path="../../../../Agisoft opdracht 26-1-2018 sebas/_MG_8069.JPG">
        <meta>
          <property name="Exif/ApertureValue" value="5"/>
          <property name="Exif/DateTime" value="2015:11:13 21:16:27"/>
          <property name="Exif/DateTimeOriginal" value="2015:11:13 21:16:27"/>
          <property name="Exif/ExposureTime" value="0.0125"/>
          <property name="Exif/FNumber" value="5.6"/>
          <property name="Exif/FocalLength" value="85"/>
          <property name="Exif/FocalPlaneXResolution" value="264.524605197027"/>
          <property name="Exif/FocalPlaneYResolution" value="265.118375354596"/>
          <property name="Exif/ISOSpeedRatings" value="400"/>
          <property name="Exif/Make" value="Canon"/>
          <property name="Exif/Model" value="Canon EOS 760D"/>
          <property name="Exif/Orientation" value="1"/>
          <property name="Exif/ShutterSpeedValue" value="6.375"/>
          <property name="File/ImageHeight" value="4000"/>
          <property name="File/ImageWidth" value="6000"/>
          <property name="System/FileModifyDate" value="2015:11:13 21:16:28"/>
          <property name="System/FileSize" value="6943678"/>
        </meta>
      </photo>
    </camera>
    <camera camera_id="21">
      <photo path="../../../../Agisoft opdracht 26-1-2018 sebas/_MG_8070.JPG">
        <meta>
          <property name="Exif/ApertureValue" value="5"/>
          <property name="Exif/DateTime" value="2015:11:13 21:16:29"/>
          <property name="Exif/DateTimeOriginal" value="2015:11:13 21:16:29"/>
          <property name="Exif/ExposureTime" value="0.01"/>
          <property name="Exif/FNumber" value="5.6"/>
          <property name="Exif/FocalLength" value="85"/>
          <property name="Exif/FocalPlaneXResolution" value="264.524605197027"/>
          <property name="Exif/FocalPlaneYResolution" value="265.118375354596"/>
          <property name="Exif/ISOSpeedRatings" value="400"/>
          <property name="Exif/Make" value="Canon"/>
          <property name="Exif/Model" value="Canon EOS 760D"/>
          <property name="Exif/Orientation" value="1"/>
          <property name="Exif/ShutterSpeedValue" value="6.625"/>
          <property name="File/ImageHeight" value="4000"/>
          <property name="File/ImageWidth" value="6000"/>
          <property name="System/FileModifyDate" value="2015:11:13 21:16:30"/>
          <property name="System/FileSize" value="6596658"/>
        </meta>
      </photo>
    </camera>
    <camera camera_id="22">
      <photo path="../../../../Agisoft opdracht 26-1-2018 sebas/_MG_8071.JPG">
        <meta>
          <property name="Exif/ApertureValue" value="5"/>
          <property name="Exif/DateTime" value="2015:11:13 21:16:36"/>
          <property name="Exif/DateTimeOriginal" value="2015:11:13 21:16:36"/>
          <property name="Exif/ExposureTime" value="0.01"/>
          <property name="Exif/FNumber" value="5.6"/>
          <property name="Exif/FocalLength" value="85"/>
          <property name="Exif/FocalPlaneXResolution" value="264.524605197027"/>
          <property name="Exif/FocalPlaneYResolution" value="265.118375354596"/>
          <property name="Exif/ISOSpeedRatings" value="400"/>
          <property name="Exif/Make" value="Canon"/>
          <property name="Exif/Model" value="Canon EOS 760D"/>
          <property name="Exif/Orientation" value="1"/>
          <property name="Exif/ShutterSpeedValue" value="6.625"/>
          <property name="File/ImageHeight" value="4000"/>
          <property name="File/ImageWidth" value="6000"/>
          <property name="System/FileModifyDate" value="2015:11:13 21:16:36"/>
          <property name="System/FileSize" value="7124087"/>
        </meta>
      </photo>
    </camera>
    <camera camera_id="23">
      <photo path="../../../../Agisoft opdracht 26-1-2018 sebas/_MG_8072.JPG">
        <meta>
          <property name="Exif/ApertureValue" value="5"/>
          <property name="Exif/DateTime" value="2015:11:13 21:16:44"/>
          <property name="Exif/DateTimeOriginal" value="2015:11:13 21:16:44"/>
          <property name="Exif/ExposureTime" value="0.01"/>
          <property name="Exif/FNumber" value="5.6"/>
          <property name="Exif/FocalLength" value="135"/>
          <property name="Exif/FocalPlaneXResolution" value="264.524605197027"/>
          <property name="Exif/FocalPlaneYResolution" value="265.118375354596"/>
          <property name="Exif/ISOSpeedRatings" value="400"/>
          <property name="Exif/Make" value="Canon"/>
          <property name="Exif/Model" value="Canon EOS 760D"/>
          <property name="Exif/Orientation" value="1"/>
          <property name="Exif/ShutterSpeedValue" value="6.625"/>
          <property name="File/ImageHeight" value="4000"/>
          <property name="File/ImageWidth" value="6000"/>
          <property name="System/FileModifyDate" value="2015:11:13 21:16:44"/>
          <property name="System/FileSize" value="6441983"/>
        </meta>
      </photo>
    </camera>
    <camera camera_id="24">
      <photo path="../../../../Agisoft opdracht 26-1-2018 sebas/_MG_8073.JPG">
        <meta>
          <property name="Exif/ApertureValue" value="5"/>
          <property name="Exif/DateTime" value="2015:11:13 21:16:49"/>
          <property name="Exif/DateTimeOriginal" value="2015:11:13 21:16:49"/>
          <property name="Exif/ExposureTime" value="0.0125"/>
          <property name="Exif/FNumber" value="5.6"/>
          <property name="Exif/FocalLength" value="135"/>
          <property name="Exif/FocalPlaneXResolution" value="264.524605197027"/>
          <property name="Exif/FocalPlaneYResolution" value="265.118375354596"/>
          <property name="Exif/ISOSpeedRatings" value="400"/>
          <property name="Exif/Make" value="Canon"/>
          <property name="Exif/Model" value="Canon EOS 760D"/>
          <property name="Exif/Orientation" value="1"/>
          <property name="Exif/ShutterSpeedValue" value="6.375"/>
          <property name="File/ImageHeight" value="4000"/>
          <property name="File/ImageWidth" value="6000"/>
          <property name="System/FileModifyDate" value="2015:11:13 21:16:50"/>
          <property name="System/FileSize" value="6718502"/>
        </meta>
      </photo>
    </camera>
    <camera camera_id="25">
      <photo path="../../../../Agisoft opdracht 26-1-2018 sebas/_MG_8074.JPG">
        <meta>
          <property name="Exif/ApertureValue" value="5"/>
          <property name="Exif/DateTime" value="2015:11:13 21:16:56"/>
          <property name="Exif/DateTimeOriginal" value="2015:11:13 21:16:56"/>
          <property name="Exif/ExposureTime" value="0.008"/>
          <property name="Exif/FNumber" value="5.6"/>
          <property name="Exif/FocalLength" value="135"/>
          <property name="Exif/FocalPlaneXResolution" value="264.524605197027"/>
          <property name="Exif/FocalPlaneYResolution" value="265.118375354596"/>
          <property name="Exif/ISOSpeedRatings" value="400"/>
          <property name="Exif/Make" value="Canon"/>
          <property name="Exif/Model" value="Canon EOS 760D"/>
          <property name="Exif/Orientation" value="1"/>
          <property name="Exif/ShutterSpeedValue" value="7"/>
          <property name="File/ImageHeight" value="4000"/>
          <property name="File/ImageWidth" value="6000"/>
          <property name="System/FileModifyDate" value="2015:11:13 21:16:56"/>
          <property name="System/FileSize" value="6376517"/>
        </meta>
      </photo>
    </camera>
    <camera camera_id="26">
      <photo path="../../../../Agisoft opdracht 26-1-2018 sebas/_MG_8075.JPG">
        <meta>
          <property name="Exif/ApertureValue" value="5"/>
          <property name="Exif/DateTime" value="2015:11:13 21:16:59"/>
          <property name="Exif/DateTimeOriginal" value="2015:11:13 21:16:59"/>
          <property name="Exif/ExposureTime" value="0.008"/>
          <property name="Exif/FNumber" value="5.6"/>
          <property name="Exif/FocalLength" value="135"/>
          <property name="Exif/FocalPlaneXResolution" value="264.524605197027"/>
          <property name="Exif/FocalPlaneYResolution" value="265.118375354596"/>
          <property name="Exif/ISOSpeedRatings" value="400"/>
          <property name="Exif/Make" value="Canon"/>
          <property name="Exif/Model" value="Canon EOS 760D"/>
          <property name="Exif/Orientation" value="1"/>
          <property name="Exif/ShutterSpeedValue" value="7"/>
          <property name="File/ImageHeight" value="4000"/>
          <property name="File/ImageWidth" value="6000"/>
          <property name="System/FileModifyDate" value="2015:11:13 21:17:00"/>
          <property name="System/FileSize" value="6077451"/>
        </meta>
      </photo>
    </camera>
    <camera camera_id="27">
      <photo path="../../../../Agisoft opdracht 26-1-2018 sebas/_MG_8076.JPG">
        <meta>
          <property name="Exif/ApertureValue" value="5"/>
          <property name="Exif/DateTime" value="2015:11:13 21:17:04"/>
          <property name="Exif/DateTimeOriginal" value="2015:11:13 21:17:04"/>
          <property name="Exif/ExposureTime" value="0.01"/>
          <property name="Exif/FNumber" value="5.6"/>
          <property name="Exif/FocalLength" value="135"/>
          <property name="Exif/FocalPlaneXResolution" value="264.524605197027"/>
          <property name="Exif/FocalPlaneYResolution" value="265.118375354596"/>
          <property name="Exif/ISOSpeedRatings" value="400"/>
          <property name="Exif/Make" value="Canon"/>
          <property name="Exif/Model" value="Canon EOS 760D"/>
          <property name="Exif/Orientation" value="1"/>
          <property name="Exif/ShutterSpeedValue" value="6.625"/>
          <property name="File/ImageHeight" value="4000"/>
          <property name="File/ImageWidth" value="6000"/>
          <property name="System/FileModifyDate" value="2015:11:13 21:17:04"/>
          <property name="System/FileSize" value="6169574"/>
        </meta>
      </photo>
    </camera>
    <camera camera_id="28">
      <photo path="../../../../Agisoft opdracht 26-1-2018 sebas/_MG_8077.JPG">
        <meta>
          <property name="Exif/ApertureValue" value="5"/>
          <property name="Exif/DateTime" value="2015:11:13 21:17:08"/>
          <property name="Exif/DateTimeOriginal" value="2015:11:13 21:17:08"/>
          <property name="Exif/ExposureTime" value="0.0125"/>
          <property name="Exif/FNumber" value="5.6"/>
          <property name="Exif/FocalLength" value="135"/>
          <property name="Exif/FocalPlaneXResolution" value="264.524605197027"/>
          <property name="Exif/FocalPlaneYResolution" value="265.118375354596"/>
          <property name="Exif/ISOSpeedRatings" value="400"/>
          <property name="Exif/Make" value="Canon"/>
          <property name="Exif/Model" value="Canon EOS 760D"/>
          <property name="Exif/Orientation" value="1"/>
          <property name="Exif/ShutterSpeedValue" value="6.375"/>
          <property name="File/ImageHeight" value="4000"/>
          <property name="File/ImageWidth" value="6000"/>
          <property name="System/FileModifyDate" value="2015:11:13 21:17:08"/>
          <property name="System/FileSize" value="6544172"/>
        </meta>
      </photo>
    </camera>
    <camera camera_id="29">
      <photo path="../../../../Agisoft opdracht 26-1-2018 sebas/_MG_8078.JPG">
        <meta>
          <property name="Exif/ApertureValue" value="5"/>
          <property name="Exif/DateTime" value="2015:11:13 21:17:12"/>
          <property name="Exif/DateTimeOriginal" value="2015:11:13 21:17:12"/>
          <property name="Exif/ExposureTime" value="0.0125"/>
          <property name="Exif/FNumber" value="5.6"/>
          <property name="Exif/FocalLength" value="135"/>
          <property name="Exif/FocalPlaneXResolution" value="264.524605197027"/>
          <property name="Exif/FocalPlaneYResolution" value="265.118375354596"/>
          <property name="Exif/ISOSpeedRatings" value="400"/>
          <property name="Exif/Make" value="Canon"/>
          <property name="Exif/Model" value="Canon EOS 760D"/>
          <property name="Exif/Orientation" value="1"/>
          <property name="Exif/ShutterSpeedValue" value="6.375"/>
          <property name="File/ImageHeight" value="4000"/>
          <property name="File/ImageWidth" value="6000"/>
          <property name="System/FileModifyDate" value="2015:11:13 21:17:12"/>
          <property name="System/FileSize" value="5995604"/>
        </meta>
      </photo>
    </camera>
    <camera camera_id="30">
      <photo path="../../../../Agisoft opdracht 26-1-2018 sebas/_MG_8079.JPG">
        <meta>
          <property name="Exif/ApertureValue" value="5"/>
          <property name="Exif/DateTime" value="2015:11:13 21:17:15"/>
          <property name="Exif/DateTimeOriginal" value="2015:11:13 21:17:15"/>
          <property name="Exif/ExposureTime" value="0.0125"/>
          <property name="Exif/FNumber" value="5.6"/>
          <property name="Exif/FocalLength" value="135"/>
          <property name="Exif/FocalPlaneXResolution" value="264.524605197027"/>
          <property name="Exif/FocalPlaneYResolution" value="265.118375354596"/>
          <property name="Exif/ISOSpeedRatings" value="400"/>
          <property name="Exif/Make" value="Canon"/>
          <property name="Exif/Model" value="Canon EOS 760D"/>
          <property name="Exif/Orientation" value="1"/>
          <property name="Exif/ShutterSpeedValue" value="6.375"/>
          <property name="File/ImageHeight" value="4000"/>
          <property name="File/ImageWidth" value="6000"/>
          <property name="System/FileModifyDate" value="2015:11:13 21:17:16"/>
          <property name="System/FileSize" value="6121757"/>
        </meta>
      </photo>
    </camera>
    <camera camera_id="31">
      <photo path="../../../../Agisoft opdracht 26-1-2018 sebas/_MG_8080.JPG">
        <meta>
          <property name="Exif/ApertureValue" value="5"/>
          <property name="Exif/DateTime" value="2015:11:13 21:17:19"/>
          <property name="Exif/DateTimeOriginal" value="2015:11:13 21:17:19"/>
          <property name="Exif/ExposureTime" value="0.01"/>
          <property name="Exif/FNumber" value="5.6"/>
          <property name="Exif/FocalLength" value="135"/>
          <property name="Exif/FocalPlaneXResolution" value="264.524605197027"/>
          <property name="Exif/FocalPlaneYResolution" value="265.118375354596"/>
          <property name="Exif/ISOSpeedRatings" value="400"/>
          <property name="Exif/Make" value="Canon"/>
          <property name="Exif/Model" value="Canon EOS 760D"/>
          <property name="Exif/Orientation" value="1"/>
          <property name="Exif/ShutterSpeedValue" value="6.625"/>
          <property name="File/ImageHeight" value="4000"/>
          <property name="File/ImageWidth" value="6000"/>
          <property name="System/FileModifyDate" value="2015:11:13 21:17:20"/>
          <property name="System/FileSize" value="6621703"/>
        </meta>
      </photo>
    </camera>
    <camera camera_id="32">
      <photo path="../../../../Agisoft opdracht 26-1-2018 sebas/_MG_8081.JPG">
        <meta>
          <property name="Exif/ApertureValue" value="5"/>
          <property name="Exif/DateTime" value="2015:11:13 21:17:24"/>
          <property name="Exif/DateTimeOriginal" value="2015:11:13 21:17:24"/>
          <property name="Exif/ExposureTime" value="0.008"/>
          <property name="Exif/FNumber" value="5.6"/>
          <property name="Exif/FocalLength" value="135"/>
          <property name="Exif/FocalPlaneXResolution" value="264.524605197027"/>
          <property name="Exif/FocalPlaneYResolution" value="265.118375354596"/>
          <property name="Exif/ISOSpeedRatings" value="400"/>
          <property name="Exif/Make" value="Canon"/>
          <property name="Exif/Model" value="Canon EOS 760D"/>
          <property name="Exif/Orientation" value="1"/>
          <property name="Exif/ShutterSpeedValue" value="7"/>
          <property name="File/ImageHeight" value="4000"/>
          <property name="File/ImageWidth" value="6000"/>
          <property name="System/FileModifyDate" value="2015:11:13 21:17:24"/>
          <property name="System/FileSize" value="6397451"/>
        </meta>
      </photo>
    </camera>
    <camera camera_id="33">
      <photo path="../../../../Agisoft opdracht 26-1-2018 sebas/_MG_8082.JPG">
        <meta>
          <property name="Exif/ApertureValue" value="5"/>
          <property name="Exif/DateTime" value="2015:11:13 21:17:28"/>
          <property name="Exif/DateTimeOriginal" value="2015:11:13 21:17:28"/>
          <property name="Exif/ExposureTime" value="0.008"/>
          <property name="Exif/FNumber" value="5.6"/>
          <property name="Exif/FocalLength" value="135"/>
          <property name="Exif/FocalPlaneXResolution" value="264.524605197027"/>
          <property name="Exif/FocalPlaneYResolution" value="265.118375354596"/>
          <property name="Exif/ISOSpeedRatings" value="400"/>
          <property name="Exif/Make" value="Canon"/>
          <property name="Exif/Model" value="Canon EOS 760D"/>
          <property name="Exif/Orientation" value="1"/>
          <property name="Exif/ShutterSpeedValue" value="7"/>
          <property name="File/ImageHeight" value="4000"/>
          <property name="File/ImageWidth" value="6000"/>
          <property name="System/FileModifyDate" value="2015:11:13 21:17:28"/>
          <property name="System/FileSize" value="6767075"/>
        </meta>
      </photo>
    </camera>
    <camera camera_id="34">
      <photo path="../../../../Agisoft opdracht 26-1-2018 sebas/_MG_8083.JPG">
        <meta>
          <property name="Exif/ApertureValue" value="5"/>
          <property name="Exif/DateTime" value="2015:11:13 21:17:32"/>
          <property name="Exif/DateTimeOriginal" value="2015:11:13 21:17:32"/>
          <property name="Exif/ExposureTime" value="0.01"/>
          <property name="Exif/FNumber" value="5.6"/>
          <property name="Exif/FocalLength" value="135"/>
          <property name="Exif/FocalPlaneXResolution" value="264.524605197027"/>
          <property name="Exif/FocalPlaneYResolution" value="265.118375354596"/>
          <property name="Exif/ISOSpeedRatings" value="400"/>
          <property name="Exif/Make" value="Canon"/>
          <property name="Exif/Model" value="Canon EOS 760D"/>
          <property name="Exif/Orientation" value="1"/>
          <property name="Exif/ShutterSpeedValue" value="6.625"/>
          <property name="File/ImageHeight" value="4000"/>
          <property name="File/ImageWidth" value="6000"/>
          <property name="System/FileModifyDate" value="2015:11:13 21:17:32"/>
          <property name="System/FileSize" value="6915928"/>
        </meta>
      </photo>
    </camera>
    <camera camera_id="35">
      <photo path="../../../../Agisoft opdracht 26-1-2018 sebas/_MG_8084.JPG">
        <meta>
          <property name="Exif/ApertureValue" value="5"/>
          <property name="Exif/DateTime" value="2015:11:13 21:17:41"/>
          <property name="Exif/DateTimeOriginal" value="2015:11:13 21:17:41"/>
          <property name="Exif/ExposureTime" value="0.01"/>
          <property name="Exif/FNumber" value="5.6"/>
          <property name="Exif/FocalLength" value="135"/>
          <property name="Exif/FocalPlaneXResolution" value="264.524605197027"/>
          <property name="Exif/FocalPlaneYResolution" value="265.118375354596"/>
          <property name="Exif/ISOSpeedRatings" value="400"/>
          <property name="Exif/Make" value="Canon"/>
          <property name="Exif/Model" value="Canon EOS 760D"/>
          <property name="Exif/Orientation" value="1"/>
          <property name="Exif/ShutterSpeedValue" value="6.625"/>
          <property name="File/ImageHeight" value="4000"/>
          <property name="File/ImageWidth" value="6000"/>
          <property name="System/FileModifyDate" value="2015:11:13 21:17:40"/>
          <property name="System/FileSize" value="6451995"/>
        </meta>
      </photo>
    </camera>
    <camera camera_id="36">
      <photo path="../../../../Agisoft opdracht 26-1-2018 sebas/_MG_8085.JPG">
        <meta>
          <property name="Exif/ApertureValue" value="5"/>
          <property name="Exif/DateTime" value="2015:11:13 21:17:45"/>
          <property name="Exif/DateTimeOriginal" value="2015:11:13 21:17:45"/>
          <property name="Exif/ExposureTime" value="0.01"/>
          <property name="Exif/FNumber" value="5.6"/>
          <property name="Exif/FocalLength" value="135"/>
          <property name="Exif/FocalPlaneXResolution" value="264.524605197027"/>
          <property name="Exif/FocalPlaneYResolution" value="265.118375354596"/>
          <property name="Exif/ISOSpeedRatings" value="400"/>
          <property name="Exif/Make" value="Canon"/>
          <property name="Exif/Model" value="Canon EOS 760D"/>
          <property name="Exif/Orientation" value="1"/>
          <property name="Exif/ShutterSpeedValue" value="6.625"/>
          <property name="File/ImageHeight" value="4000"/>
          <property name="File/ImageWidth" value="6000"/>
          <property name="System/FileModifyDate" value="2015:11:13 21:17:46"/>
          <property name="System/FileSize" value="6943478"/>
        </meta>
      </photo>
    </camera>
    <camera camera_id="37">
      <photo path="../../../../Agisoft opdracht 26-1-2018 sebas/_MG_8086.JPG">
        <meta>
          <property name="Exif/ApertureValue" value="5"/>
          <property name="Exif/DateTime" value="2015:11:13 21:17:51"/>
          <property name="Exif/DateTimeOriginal" value="2015:11:13 21:17:51"/>
          <property name="Exif/ExposureTime" value="0.02"/>
          <property name="Exif/FNumber" value="5.6"/>
          <property name="Exif/FocalLength" value="135"/>
          <property name="Exif/FocalPlaneXResolution" value="264.524605197027"/>
          <property name="Exif/FocalPlaneYResolution" value="265.118375354596"/>
          <property name="Exif/ISOSpeedRatings" value="400"/>
          <property name="Exif/Make" value="Canon"/>
          <property name="Exif/Model" value="Canon EOS 760D"/>
          <property name="Exif/Orientation" value="1"/>
          <property name="Exif/ShutterSpeedValue" value="5.625"/>
          <property name="File/ImageHeight" value="4000"/>
          <property name="File/ImageWidth" value="6000"/>
          <property name="System/FileModifyDate" value="2015:11:13 21:17:52"/>
          <property name="System/FileSize" value="5434698"/>
        </meta>
      </photo>
    </camera>
    <camera camera_id="38">
      <photo path="../../../../Agisoft opdracht 26-1-2018 sebas/_MG_8087.JPG">
        <meta>
          <property name="Exif/ApertureValue" value="5"/>
          <property name="Exif/DateTime" value="2015:11:13 21:17:55"/>
          <property name="Exif/DateTimeOriginal" value="2015:11:13 21:17:55"/>
          <property name="Exif/ExposureTime" value="0.025"/>
          <property name="Exif/FNumber" value="5.6"/>
          <property name="Exif/FocalLength" value="135"/>
          <property name="Exif/FocalPlaneXResolution" value="264.524605197027"/>
          <property name="Exif/FocalPlaneYResolution" value="265.118375354596"/>
          <property name="Exif/ISOSpeedRatings" value="400"/>
          <property name="Exif/Make" value="Canon"/>
          <property name="Exif/Model" value="Canon EOS 760D"/>
          <property name="Exif/Orientation" value="1"/>
          <property name="Exif/ShutterSpeedValue" value="5.375"/>
          <property name="File/ImageHeight" value="4000"/>
          <property name="File/ImageWidth" value="6000"/>
          <property name="System/FileModifyDate" value="2015:11:13 21:17:54"/>
          <property name="System/FileSize" value="5194782"/>
        </meta>
      </photo>
    </camera>
    <camera camera_id="39">
      <photo path="../../../../Agisoft opdracht 26-1-2018 sebas/_MG_8088.JPG">
        <meta>
          <property name="Exif/ApertureValue" value="5"/>
          <property name="Exif/DateTime" value="2015:11:13 21:17:57"/>
          <property name="Exif/DateTimeOriginal" value="2015:11:13 21:17:57"/>
          <property name="Exif/ExposureTime" value="0.025"/>
          <property name="Exif/FNumber" value="5.6"/>
          <property name="Exif/FocalLength" value="135"/>
          <property name="Exif/FocalPlaneXResolution" value="264.524605197027"/>
          <property name="Exif/FocalPlaneYResolution" value="265.118375354596"/>
          <property name="Exif/ISOSpeedRatings" value="400"/>
          <property name="Exif/Make" value="Canon"/>
          <property name="Exif/Model" value="Canon EOS 760D"/>
          <property name="Exif/Orientation" value="1"/>
          <property name="Exif/ShutterSpeedValue" value="5.375"/>
          <property name="File/ImageHeight" value="4000"/>
          <property name="File/ImageWidth" value="6000"/>
          <property name="System/FileModifyDate" value="2015:11:13 21:17:58"/>
          <property name="System/FileSize" value="5093069"/>
        </meta>
      </photo>
    </camera>
    <camera camera_id="40">
      <photo path="../../../../Agisoft opdracht 26-1-2018 sebas/_MG_8089.JPG">
        <meta>
          <property name="Exif/ApertureValue" value="5"/>
          <property name="Exif/DateTime" value="2015:11:13 21:18:01"/>
          <property name="Exif/DateTimeOriginal" value="2015:11:13 21:18:01"/>
          <property name="Exif/ExposureTime" value="0.02"/>
          <property name="Exif/FNumber" value="5.6"/>
          <property name="Exif/FocalLength" value="135"/>
          <property name="Exif/FocalPlaneXResolution" value="264.524605197027"/>
          <property name="Exif/FocalPlaneYResolution" value="265.118375354596"/>
          <property name="Exif/ISOSpeedRatings" value="400"/>
          <property name="Exif/Make" value="Canon"/>
          <property name="Exif/Model" value="Canon EOS 760D"/>
          <property name="Exif/Orientation" value="1"/>
          <property name="Exif/ShutterSpeedValue" value="5.625"/>
          <property name="File/ImageHeight" value="4000"/>
          <property name="File/ImageWidth" value="6000"/>
          <property name="System/FileModifyDate" value="2015:11:13 21:18:00"/>
          <property name="System/FileSize" value="5069972"/>
        </meta>
      </photo>
    </camera>
    <camera camera_id="41">
      <photo path="../../../../Agisoft opdracht 26-1-2018 sebas/_MG_8090.JPG">
        <meta>
          <property name="Exif/ApertureValue" value="5"/>
          <property name="Exif/DateTime" value="2015:11:13 21:18:03"/>
          <property name="Exif/DateTimeOriginal" value="2015:11:13 21:18:03"/>
          <property name="Exif/ExposureTime" value="0.025"/>
          <property name="Exif/FNumber" value="5.6"/>
          <property name="Exif/FocalLength" value="135"/>
          <property name="Exif/FocalPlaneXResolution" value="264.524605197027"/>
          <property name="Exif/FocalPlaneYResolution" value="265.118375354596"/>
          <property name="Exif/ISOSpeedRatings" value="400"/>
          <property name="Exif/Make" value="Canon"/>
          <property name="Exif/Model" value="Canon EOS 760D"/>
          <property name="Exif/Orientation" value="1"/>
          <property name="Exif/ShutterSpeedValue" value="5.375"/>
          <property name="File/ImageHeight" value="4000"/>
          <property name="File/ImageWidth" value="6000"/>
          <property name="System/FileModifyDate" value="2015:11:13 21:18:04"/>
          <property name="System/FileSize" value="4836832"/>
        </meta>
      </photo>
    </camera>
    <camera camera_id="42">
      <photo path="../../../../Agisoft opdracht 26-1-2018 sebas/_MG_8091.JPG">
        <meta>
          <property name="Exif/ApertureValue" value="5"/>
          <property name="Exif/DateTime" value="2015:11:13 21:18:07"/>
          <property name="Exif/DateTimeOriginal" value="2015:11:13 21:18:07"/>
          <property name="Exif/ExposureTime" value="0.025"/>
          <property name="Exif/FNumber" value="5.6"/>
          <property name="Exif/FocalLength" value="135"/>
          <property name="Exif/FocalPlaneXResolution" value="264.524605197027"/>
          <property name="Exif/FocalPlaneYResolution" value="265.118375354596"/>
          <property name="Exif/ISOSpeedRatings" value="400"/>
          <property name="Exif/Make" value="Canon"/>
          <property name="Exif/Model" value="Canon EOS 760D"/>
          <property name="Exif/Orientation" value="1"/>
          <property name="Exif/ShutterSpeedValue" value="5.375"/>
          <property name="File/ImageHeight" value="4000"/>
          <property name="File/ImageWidth" value="6000"/>
          <property name="System/FileModifyDate" value="2015:11:13 21:18:06"/>
          <property name="System/FileSize" value="5003902"/>
        </meta>
      </photo>
    </camera>
    <camera camera_id="43">
      <photo path="../../../../Agisoft opdracht 26-1-2018 sebas/_MG_8092.JPG">
        <meta>
          <property name="Exif/ApertureValue" value="5"/>
          <property name="Exif/DateTime" value="2015:11:13 21:18:10"/>
          <property name="Exif/DateTimeOriginal" value="2015:11:13 21:18:10"/>
          <property name="Exif/ExposureTime" value="0.0333333333333333"/>
          <property name="Exif/FNumber" value="5.6"/>
          <property name="Exif/FocalLength" value="135"/>
          <property name="Exif/FocalPlaneXResolution" value="264.524605197027"/>
          <property name="Exif/FocalPlaneYResolution" value="265.118375354596"/>
          <property name="Exif/ISOSpeedRatings" value="400"/>
          <property name="Exif/Make" value="Canon"/>
          <property name="Exif/Model" value="Canon EOS 760D"/>
          <property name="Exif/Orientation" value="1"/>
          <property name="Exif/ShutterSpeedValue" value="5"/>
          <property name="File/ImageHeight" value="4000"/>
          <property name="File/ImageWidth" value="6000"/>
          <property name="System/FileModifyDate" value="2015:11:13 21:18:10"/>
          <property name="System/FileSize" value="4952625"/>
        </meta>
      </photo>
    </camera>
    <camera camera_id="44">
      <photo path="../../../../Agisoft opdracht 26-1-2018 sebas/_MG_8093.JPG">
        <meta>
          <property name="Exif/ApertureValue" value="5"/>
          <property name="Exif/DateTime" value="2015:11:13 21:18:13"/>
          <property name="Exif/DateTimeOriginal" value="2015:11:13 21:18:13"/>
          <property name="Exif/ExposureTime" value="0.025"/>
          <property name="Exif/FNumber" value="5.6"/>
          <property name="Exif/FocalLength" value="135"/>
          <property name="Exif/FocalPlaneXResolution" value="264.524605197027"/>
          <property name="Exif/FocalPlaneYResolution" value="265.118375354596"/>
          <property name="Exif/ISOSpeedRatings" value="400"/>
          <property name="Exif/Make" value="Canon"/>
          <property name="Exif/Model" value="Canon EOS 760D"/>
          <property name="Exif/Orientation" value="1"/>
          <property name="Exif/ShutterSpeedValue" value="5.375"/>
          <property name="File/ImageHeight" value="4000"/>
          <property name="File/ImageWidth" value="6000"/>
          <property name="System/FileModifyDate" value="2015:11:13 21:18:14"/>
          <property name="System/FileSize" value="4971436"/>
        </meta>
      </photo>
    </camera>
    <camera camera_id="45">
      <photo path="../../../../Agisoft opdracht 26-1-2018 sebas/_MG_8094.JPG">
        <meta>
          <property name="Exif/ApertureValue" value="5"/>
          <property name="Exif/DateTime" value="2015:11:13 21:18:17"/>
          <property name="Exif/DateTimeOriginal" value="2015:11:13 21:18:17"/>
          <property name="Exif/ExposureTime" value="0.0333333333333333"/>
          <property name="Exif/FNumber" value="5.6"/>
          <property name="Exif/FocalLength" value="135"/>
          <property name="Exif/FocalPlaneXResolution" value="264.524605197027"/>
          <property name="Exif/FocalPlaneYResolution" value="265.118375354596"/>
          <property name="Exif/ISOSpeedRatings" value="400"/>
          <property name="Exif/Make" value="Canon"/>
          <property name="Exif/Model" value="Canon EOS 760D"/>
          <property name="Exif/Orientation" value="1"/>
          <property name="Exif/ShutterSpeedValue" value="5"/>
          <property name="File/ImageHeight" value="4000"/>
          <property name="File/ImageWidth" value="6000"/>
          <property name="System/FileModifyDate" value="2015:11:13 21:18:16"/>
          <property name="System/FileSize" value="4678412"/>
        </meta>
      </photo>
    </camera>
    <camera camera_id="46">
      <photo path="../../../../Agisoft opdracht 26-1-2018 sebas/_MG_8095.JPG">
        <meta>
          <property name="Exif/ApertureValue" value="5"/>
          <property name="Exif/DateTime" value="2015:11:13 21:18:20"/>
          <property name="Exif/DateTimeOriginal" value="2015:11:13 21:18:20"/>
          <property name="Exif/ExposureTime" value="0.025"/>
          <property name="Exif/FNumber" value="5.6"/>
          <property name="Exif/FocalLength" value="135"/>
          <property name="Exif/FocalPlaneXResolution" value="264.524605197027"/>
          <property name="Exif/FocalPlaneYResolution" value="265.118375354596"/>
          <property name="Exif/ISOSpeedRatings" value="400"/>
          <property name="Exif/Make" value="Canon"/>
          <property name="Exif/Model" value="Canon EOS 760D"/>
          <property name="Exif/Orientation" value="1"/>
          <property name="Exif/ShutterSpeedValue" value="5.375"/>
          <property name="File/ImageHeight" value="4000"/>
          <property name="File/ImageWidth" value="6000"/>
          <property name="System/FileModifyDate" value="2015:11:13 21:18:20"/>
          <property name="System/FileSize" value="5275621"/>
        </meta>
      </photo>
    </camera>
    <camera camera_id="47">
      <photo path="../../../../Agisoft opdracht 26-1-2018 sebas/_MG_8096.JPG">
        <meta>
          <property name="Exif/ApertureValue" value="5"/>
          <property name="Exif/DateTime" value="2015:11:13 21:18:23"/>
          <property name="Exif/DateTimeOriginal" value="2015:11:13 21:18:23"/>
          <property name="Exif/ExposureTime" value="0.0333333333333333"/>
          <property name="Exif/FNumber" value="5.6"/>
          <property name="Exif/FocalLength" value="135"/>
          <property name="Exif/FocalPlaneXResolution" value="264.524605197027"/>
          <property name="Exif/FocalPlaneYResolution" value="265.118375354596"/>
          <property name="Exif/ISOSpeedRatings" value="400"/>
          <property name="Exif/Make" value="Canon"/>
          <property name="Exif/Model" value="Canon EOS 760D"/>
          <property name="Exif/Orientation" value="1"/>
          <property name="Exif/ShutterSpeedValue" value="5"/>
          <property name="File/ImageHeight" value="4000"/>
          <property name="File/ImageWidth" value="6000"/>
          <property name="System/FileModifyDate" value="2015:11:13 21:18:24"/>
          <property name="System/FileSize" value="5236855"/>
        </meta>
      </photo>
    </camera>
    <camera camera_id="48">
      <photo path="../../../../Agisoft opdracht 26-1-2018 sebas/_MG_8097.JPG">
        <meta>
          <property name="Exif/ApertureValue" value="5"/>
          <property name="Exif/DateTime" value="2015:11:13 21:18:26"/>
          <property name="Exif/DateTimeOriginal" value="2015:11:13 21:18:26"/>
          <property name="Exif/ExposureTime" value="0.025"/>
          <property name="Exif/FNumber" value="5.6"/>
          <property name="Exif/FocalLength" value="135"/>
          <property name="Exif/FocalPlaneXResolution" value="264.524605197027"/>
          <property name="Exif/FocalPlaneYResolution" value="265.118375354596"/>
          <property name="Exif/ISOSpeedRatings" value="400"/>
          <property name="Exif/Make" value="Canon"/>
          <property name="Exif/Model" value="Canon EOS 760D"/>
          <property name="Exif/Orientation" value="1"/>
          <property name="Exif/ShutterSpeedValue" value="5.375"/>
          <property name="File/ImageHeight" value="4000"/>
          <property name="File/ImageWidth" value="6000"/>
          <property name="System/FileModifyDate" value="2015:11:13 21:18:26"/>
          <property name="System/FileSize" value="4935066"/>
        </meta>
      </photo>
    </camera>
    <camera camera_id="49">
      <photo path="../../../../Agisoft opdracht 26-1-2018 sebas/_MG_8098.JPG">
        <meta>
          <property name="Exif/ApertureValue" value="5"/>
          <property name="Exif/DateTime" value="2015:11:13 21:18:30"/>
          <property name="Exif/DateTimeOriginal" value="2015:11:13 21:18:30"/>
          <property name="Exif/ExposureTime" value="0.02"/>
          <property name="Exif/FNumber" value="5.6"/>
          <property name="Exif/FocalLength" value="135"/>
          <property name="Exif/FocalPlaneXResolution" value="264.524605197027"/>
          <property name="Exif/FocalPlaneYResolution" value="265.118375354596"/>
          <property name="Exif/ISOSpeedRatings" value="400"/>
          <property name="Exif/Make" value="Canon"/>
          <property name="Exif/Model" value="Canon EOS 760D"/>
          <property name="Exif/Orientation" value="1"/>
          <property name="Exif/ShutterSpeedValue" value="5.625"/>
          <property name="File/ImageHeight" value="4000"/>
          <property name="File/ImageWidth" value="6000"/>
          <property name="System/FileModifyDate" value="2015:11:13 21:18:30"/>
          <property name="System/FileSize" value="5140941"/>
        </meta>
      </photo>
    </camera>
    <camera camera_id="50">
      <photo path="../../../../Agisoft opdracht 26-1-2018 sebas/_MG_8099.JPG">
        <meta>
          <property name="Exif/ApertureValue" value="5"/>
          <property name="Exif/DateTime" value="2015:11:13 21:18:34"/>
          <property name="Exif/DateTimeOriginal" value="2015:11:13 21:18:34"/>
          <property name="Exif/ExposureTime" value="0.02"/>
          <property name="Exif/FNumber" value="5.6"/>
          <property name="Exif/FocalLength" value="135"/>
          <property name="Exif/FocalPlaneXResolution" value="264.524605197027"/>
          <property name="Exif/FocalPlaneYResolution" value="265.118375354596"/>
          <property name="Exif/ISOSpeedRatings" value="400"/>
          <property name="Exif/Make" value="Canon"/>
          <property name="Exif/Model" value="Canon EOS 760D"/>
          <property name="Exif/Orientation" value="1"/>
          <property name="Exif/ShutterSpeedValue" value="5.625"/>
          <property name="File/ImageHeight" value="4000"/>
          <property name="File/ImageWidth" value="6000"/>
          <property name="System/FileModifyDate" value="2015:11:13 21:18:34"/>
          <property name="System/FileSize" value="5128727"/>
        </meta>
      </photo>
    </camera>
    <camera camera_id="51">
      <photo path="../../../../Agisoft opdracht 26-1-2018 sebas/_MG_8100.JPG">
        <meta>
          <property name="Exif/ApertureValue" value="5"/>
          <property name="Exif/DateTime" value="2015:11:13 21:18:37"/>
          <property name="Exif/DateTimeOriginal" value="2015:11:13 21:18:37"/>
          <property name="Exif/ExposureTime" value="0.025"/>
          <property name="Exif/FNumber" value="5.6"/>
          <property name="Exif/FocalLength" value="135"/>
          <property name="Exif/FocalPlaneXResolution" value="264.524605197027"/>
          <property name="Exif/FocalPlaneYResolution" value="265.118375354596"/>
          <property name="Exif/ISOSpeedRatings" value="400"/>
          <property name="Exif/Make" value="Canon"/>
          <property name="Exif/Model" value="Canon EOS 760D"/>
          <property name="Exif/Orientation" value="1"/>
          <property name="Exif/ShutterSpeedValue" value="5.375"/>
          <property name="File/ImageHeight" value="4000"/>
          <property name="File/ImageWidth" value="6000"/>
          <property name="System/FileModifyDate" value="2015:11:13 21:18:38"/>
          <property name="System/FileSize" value="5025358"/>
        </meta>
      </photo>
    </camera>
    <camera camera_id="52">
      <photo path="../../../../Agisoft opdracht 26-1-2018 sebas/_MG_8101.JPG">
        <meta>
          <property name="Exif/ApertureValue" value="5"/>
          <property name="Exif/DateTime" value="2015:11:13 21:18:40"/>
          <property name="Exif/DateTimeOriginal" value="2015:11:13 21:18:40"/>
          <property name="Exif/ExposureTime" value="0.0333333333333333"/>
          <property name="Exif/FNumber" value="5.6"/>
          <property name="Exif/FocalLength" value="135"/>
          <property name="Exif/FocalPlaneXResolution" value="264.524605197027"/>
          <property name="Exif/FocalPlaneYResolution" value="265.118375354596"/>
          <property name="Exif/ISOSpeedRatings" value="400"/>
          <property name="Exif/Make" value="Canon"/>
          <property name="Exif/Model" value="Canon EOS 760D"/>
          <property name="Exif/Orientation" value="1"/>
          <property name="Exif/ShutterSpeedValue" value="5"/>
          <property name="File/ImageHeight" value="4000"/>
          <property name="File/ImageWidth" value="6000"/>
          <property name="System/FileModifyDate" value="2015:11:13 21:18:40"/>
          <property name="System/FileSize" value="5022746"/>
        </meta>
      </photo>
    </camera>
    <camera camera_id="53">
      <photo path="../../../../Agisoft opdracht 26-1-2018 sebas/_MG_8102.JPG">
        <meta>
          <property name="Exif/ApertureValue" value="5"/>
          <property name="Exif/DateTime" value="2015:11:13 21:18:44"/>
          <property name="Exif/DateTimeOriginal" value="2015:11:13 21:18:44"/>
          <property name="Exif/ExposureTime" value="0.02"/>
          <property name="Exif/FNumber" value="5.6"/>
          <property name="Exif/FocalLength" value="135"/>
          <property name="Exif/FocalPlaneXResolution" value="264.524605197027"/>
          <property name="Exif/FocalPlaneYResolution" value="265.118375354596"/>
          <property name="Exif/ISOSpeedRatings" value="400"/>
          <property name="Exif/Make" value="Canon"/>
          <property name="Exif/Model" value="Canon EOS 760D"/>
          <property name="Exif/Orientation" value="1"/>
          <property name="Exif/ShutterSpeedValue" value="5.625"/>
          <property name="File/ImageHeight" value="4000"/>
          <property name="File/ImageWidth" value="6000"/>
          <property name="System/FileModifyDate" value="2015:11:13 21:18:44"/>
          <property name="System/FileSize" value="5091317"/>
        </meta>
      </photo>
    </camera>
    <camera camera_id="54">
      <photo path="../../../../Agisoft opdracht 26-1-2018 sebas/_MG_8103.JPG">
        <meta>
          <property name="Exif/ApertureValue" value="5"/>
          <property name="Exif/DateTime" value="2015:11:13 21:18:48"/>
          <property name="Exif/DateTimeOriginal" value="2015:11:13 21:18:48"/>
          <property name="Exif/ExposureTime" value="0.0333333333333333"/>
          <property name="Exif/FNumber" value="5.6"/>
          <property name="Exif/FocalLength" value="135"/>
          <property name="Exif/FocalPlaneXResolution" value="264.524605197027"/>
          <property name="Exif/FocalPlaneYResolution" value="265.118375354596"/>
          <property name="Exif/ISOSpeedRatings" value="400"/>
          <property name="Exif/Make" value="Canon"/>
          <property name="Exif/Model" value="Canon EOS 760D"/>
          <property name="Exif/Orientation" value="1"/>
          <property name="Exif/ShutterSpeedValue" value="5"/>
          <property name="File/ImageHeight" value="4000"/>
          <property name="File/ImageWidth" value="6000"/>
          <property name="System/FileModifyDate" value="2015:11:13 21:18:48"/>
          <property name="System/FileSize" value="4830767"/>
        </meta>
      </photo>
    </camera>
    <camera camera_id="55">
      <photo path="../../../../Agisoft opdracht 26-1-2018 sebas/_MG_8104.JPG">
        <meta>
          <property name="Exif/ApertureValue" value="5"/>
          <property name="Exif/DateTime" value="2015:11:13 21:18:54"/>
          <property name="Exif/DateTimeOriginal" value="2015:11:13 21:18:54"/>
          <property name="Exif/ExposureTime" value="0.0333333333333333"/>
          <property name="Exif/FNumber" value="5.6"/>
          <property name="Exif/FocalLength" value="135"/>
          <property name="Exif/FocalPlaneXResolution" value="264.524605197027"/>
          <property name="Exif/FocalPlaneYResolution" value="265.118375354596"/>
          <property name="Exif/ISOSpeedRatings" value="400"/>
          <property name="Exif/Make" value="Canon"/>
          <property name="Exif/Model" value="Canon EOS 760D"/>
          <property name="Exif/Orientation" value="1"/>
          <property name="Exif/ShutterSpeedValue" value="5"/>
          <property name="File/ImageHeight" value="4000"/>
          <property name="File/ImageWidth" value="6000"/>
          <property name="System/FileModifyDate" value="2015:11:13 21:18:54"/>
          <property name="System/FileSize" value="5243939"/>
        </meta>
      </photo>
    </camera>
    <camera camera_id="56">
      <photo path="../../../../Agisoft opdracht 26-1-2018 sebas/_MG_8105.JPG">
        <meta>
          <property name="Exif/ApertureValue" value="5"/>
          <property name="Exif/DateTime" value="2015:11:13 21:19:00"/>
          <property name="Exif/DateTimeOriginal" value="2015:11:13 21:19:00"/>
          <property name="Exif/ExposureTime" value="0.025"/>
          <property name="Exif/FNumber" value="5.6"/>
          <property name="Exif/FocalLength" value="135"/>
          <property name="Exif/FocalPlaneXResolution" value="264.524605197027"/>
          <property name="Exif/FocalPlaneYResolution" value="265.118375354596"/>
          <property name="Exif/ISOSpeedRatings" value="400"/>
          <property name="Exif/Make" value="Canon"/>
          <property name="Exif/Model" value="Canon EOS 760D"/>
          <property name="Exif/Orientation" value="1"/>
          <property name="Exif/ShutterSpeedValue" value="5.375"/>
          <property name="File/ImageHeight" value="4000"/>
          <property name="File/ImageWidth" value="6000"/>
          <property name="System/FileModifyDate" value="2015:11:13 21:19:00"/>
          <property name="System/FileSize" value="5240478"/>
        </meta>
      </photo>
    </camera>
  </cameras>
  <thumbnails path="thumbnails/thumbnails.zip"/>
  <point_cloud path="point_cloud/point_cloud.zip"/>
  <dense_cloud path="dense_cloud/dense_cloud.zip"/>
  <model path="model.1/model.zip"/>
</frame>
