<?xml version="1.0" encoding="UTF-8"?>
<point_cloud version="1.2.0">
  <tracks path="tracks.ply" count="65742"/>
  <points path="points.ply" count="61767"/>
  <projections camera_id="0" path="p0.ply" count="4588"/>
  <projections camera_id="1" path="p1.ply" count="4103"/>
  <projections camera_id="2" path="p2.ply" count="4250"/>
  <projections camera_id="3" path="p3.ply" count="4651"/>
  <projections camera_id="4" path="p4.ply" count="6084"/>
  <projections camera_id="5" path="p5.ply" count="4579"/>
  <projections camera_id="6" path="p6.ply" count="4071"/>
  <projections camera_id="7" path="p7.ply" count="4081"/>
  <projections camera_id="8" path="p8.ply" count="4666"/>
  <projections camera_id="9" path="p9.ply" count="4143"/>
  <projections camera_id="10" path="p10.ply" count="3354"/>
  <projections camera_id="11" path="p11.ply" count="3903"/>
  <projections camera_id="12" path="p12.ply" count="4128"/>
  <projections camera_id="13" path="p13.ply" count="4190"/>
  <projections camera_id="14" path="p14.ply" count="4231"/>
  <projections camera_id="15" path="p15.ply" count="4229"/>
  <projections camera_id="16" path="p16.ply" count="4046"/>
  <projections camera_id="17" path="p17.ply" count="4267"/>
  <projections camera_id="18" path="p18.ply" count="4161"/>
  <projections camera_id="19" path="p19.ply" count="3989"/>
  <projections camera_id="20" path="p20.ply" count="4380"/>
  <projections camera_id="21" path="p21.ply" count="3999"/>
  <projections camera_id="22" path="p22.ply" count="4722"/>
  <projections camera_id="23" path="p23.ply" count="3482"/>
  <projections camera_id="24" path="p24.ply" count="4172"/>
  <projections camera_id="25" path="p25.ply" count="4655"/>
  <projections camera_id="26" path="p26.ply" count="3945"/>
  <projections camera_id="27" path="p27.ply" count="4041"/>
  <projections camera_id="28" path="p28.ply" count="4640"/>
  <projections camera_id="29" path="p29.ply" count="3978"/>
  <projections camera_id="30" path="p30.ply" count="4005"/>
  <projections camera_id="31" path="p31.ply" count="4065"/>
  <projections camera_id="32" path="p32.ply" count="3989"/>
  <projections camera_id="33" path="p33.ply" count="3966"/>
  <projections camera_id="34" path="p34.ply" count="3898"/>
  <projections camera_id="35" path="p35.ply" count="4036"/>
  <projections camera_id="36" path="p36.ply" count="4098"/>
  <projections camera_id="37" path="p37.ply" count="1923"/>
  <projections camera_id="38" path="p38.ply" count="1974"/>
  <projections camera_id="39" path="p39.ply" count="745"/>
  <projections camera_id="40" path="p40.ply" count="715"/>
  <projections camera_id="41" path="p41.ply" count="990"/>
  <projections camera_id="42" path="p42.ply" count="1264"/>
  <projections camera_id="43" path="p43.ply" count="1026"/>
  <projections camera_id="44" path="p44.ply" count="1078"/>
  <projections camera_id="45" path="p45.ply" count="812"/>
  <projections camera_id="46" path="p46.ply" count="1708"/>
  <projections camera_id="47" path="p47.ply" count="1875"/>
  <projections camera_id="48" path="p48.ply" count="1328"/>
  <projections camera_id="49" path="p49.ply" count="1673"/>
  <projections camera_id="50" path="p50.ply" count="1786"/>
  <projections camera_id="51" path="p51.ply" count="1737"/>
  <projections camera_id="52" path="p52.ply" count="1172"/>
  <projections camera_id="53" path="p53.ply" count="1594"/>
  <projections camera_id="54" path="p54.ply" count="1750"/>
  <projections camera_id="55" path="p55.ply" count="1135"/>
  <projections camera_id="56" path="p56.ply" count="77"/>
  <meta>
    <property name="match/duration" value="350.015"/>
    <property name="match/match_downscale" value="0"/>
    <property name="match/match_filter_mask" value="false"/>
    <property name="match/match_point_limit" value="40000"/>
    <property name="match/match_select_pairs" value="1"/>
    <property name="match/match_tiepoint_limit" value="4000"/>
  </meta>
</point_cloud>
